{"concave":[[[1.0,0.0,0.0,0.0,0.0,0.0,1.0,0.0,0.0,1.0,0.0,0.0,0.0,0.0,0.0,1.0],"../px_triangle_meshes/ball_0_0.pxtm"]],"convex":[[[-0.9999999,0.0,0.0,0.0,0.0,5.9604645e-8,0.99999994,0.0,0.0,0.99999994,5.9604645e-8,0.0,0.0,0.0,0.0,1.0],"../px_convex_meshes/ball_0_0_npp.pxcm"]]}