{"concave":[[[1.0,0.0,0.0,0.0,0.0,0.0,1.0,0.0,0.0,1.0,0.0,0.0,0.0,0.0,0.0,1.0],"../px_triangle_meshes/level_0_0.pxtm"],[[1.0,0.0,0.0,0.0,0.0,0.0,1.0,0.0,0.0,1.0,0.0,0.0,0.0,0.0,0.0,1.0],"../px_triangle_meshes/level_0_1.pxtm"],[[1.0,0.0,0.0,0.0,0.0,0.0,1.0,0.0,0.0,1.0,0.0,0.0,0.0,0.0,0.0,1.0],"../px_triangle_meshes/level_0_2.pxtm"],[[1.0,0.0,0.0,0.0,0.0,0.0,1.0,0.0,0.0,1.0,0.0,0.0,0.0,0.0,0.0,1.0],"../px_triangle_meshes/level_0_3.pxtm"]],"convex":[[[-0.9999999,0.0,0.0,0.0,0.0,5.9604645e-8,0.99999994,0.0,0.0,0.99999994,5.9604645e-8,0.0,0.0,0.0,0.0,1.0],"../px_convex_meshes/level_0_0_npp.pxcm"],[[-0.9999999,0.0,0.0,0.0,0.0,5.9604645e-8,0.99999994,0.0,0.0,0.99999994,5.9604645e-8,0.0,0.0,0.0,0.0,1.0],"../px_convex_meshes/level_0_1_npp.pxcm"],[[-0.9999999,0.0,0.0,0.0,0.0,5.9604645e-8,0.99999994,0.0,0.0,0.99999994,5.9604645e-8,0.0,0.0,0.0,0.0,1.0],"../px_convex_meshes/level_0_2_npp.pxcm"],[[-0.9999999,0.0,0.0,0.0,0.0,5.9604645e-8,0.99999994,0.0,0.0,0.99999994,5.9604645e-8,0.0,0.0,0.0,0.0,1.0],"../px_convex_meshes/level_0_3_npp.pxcm"]]}